--------------------------------------------------------
--  파일이 생성됨 - 월요일-6월-27-2022   
--------------------------------------------------------
--------------------------------------------------------
--  DDL for Table CUST_ACCOUNT
--------------------------------------------------------

  CREATE TABLE "SCOTT"."CUST_ACCOUNT" 
   (	"ACCOUNTNO" VARCHAR2(20 BYTE), 
	"CUSTNAME" VARCHAR2(50 BYTE), 
	"BALANCE" NUMBER(20,4)
   ) SEGMENT CREATION IMMEDIATE 
  PCTFREE 10 PCTUSED 40 INITRANS 1 MAXTRANS 255 NOCOMPRESS LOGGING
  STORAGE(INITIAL 65536 NEXT 1048576 MINEXTENTS 1 MAXEXTENTS 2147483645
  PCTINCREASE 0 FREELISTS 1 FREELIST GROUPS 1 BUFFER_POOL DEFAULT FLASH_CACHE DEFAULT CELL_FLASH_CACHE DEFAULT)
  TABLESPACE "SYSTEM" ;
--------------------------------------------------------
--  DDL for Table T_BOARD
--------------------------------------------------------

  CREATE TABLE "SCOTT"."T_BOARD" 
   (	"ARTICLENO" NUMBER(10,0), 
	"PARENTNO" NUMBER(10,0) DEFAULT 0, 
	"TITLE" VARCHAR2(500 BYTE), 
	"CONTENT" VARCHAR2(4000 BYTE), 
	"IMAGEFILENAME" VARCHAR2(100 BYTE), 
	"WRITEDATE" DATE DEFAULT sysdate, 
	"ID" VARCHAR2(10 BYTE)
   ) SEGMENT CREATION IMMEDIATE 
  PCTFREE 10 PCTUSED 40 INITRANS 1 MAXTRANS 255 NOCOMPRESS LOGGING
  STORAGE(INITIAL 65536 NEXT 1048576 MINEXTENTS 1 MAXEXTENTS 2147483645
  PCTINCREASE 0 FREELISTS 1 FREELIST GROUPS 1 BUFFER_POOL DEFAULT FLASH_CACHE DEFAULT CELL_FLASH_CACHE DEFAULT)
  TABLESPACE "SYSTEM" ;
--------------------------------------------------------
--  DDL for Table T_MEMBER
--------------------------------------------------------

  CREATE TABLE "SCOTT"."T_MEMBER" 
   (	"ID" VARCHAR2(10 BYTE), 
	"PWD" VARCHAR2(10 BYTE), 
	"NAME" VARCHAR2(50 BYTE), 
	"EMAIL" VARCHAR2(50 BYTE), 
	"JOINDATE" DATE DEFAULT sysdate
   ) SEGMENT CREATION IMMEDIATE 
  PCTFREE 10 PCTUSED 40 INITRANS 1 MAXTRANS 255 NOCOMPRESS LOGGING
  STORAGE(INITIAL 65536 NEXT 1048576 MINEXTENTS 1 MAXEXTENTS 2147483645
  PCTINCREASE 0 FREELISTS 1 FREELIST GROUPS 1 BUFFER_POOL DEFAULT FLASH_CACHE DEFAULT CELL_FLASH_CACHE DEFAULT)
  TABLESPACE "SYSTEM" ;
REM INSERTING into SCOTT.CUST_ACCOUNT
SET DEFINE OFF;
Insert into SCOTT.CUST_ACCOUNT (ACCOUNTNO,CUSTNAME,BALANCE) values ('70-490-911','김유신',25000000);
Insert into SCOTT.CUST_ACCOUNT (ACCOUNTNO,CUSTNAME,BALANCE) values ('70-490-930','홍길동',-5000000);
REM INSERTING into SCOTT.T_BOARD
SET DEFINE OFF;
Insert into SCOTT.T_BOARD (ARTICLENO,PARENTNO,TITLE,CONTENT,IMAGEFILENAME,WRITEDATE,ID) values (1,0,'테스트글입니다.','테스트글입니다',null,to_date('22/04/21','RR/MM/DD'),'hong');
Insert into SCOTT.T_BOARD (ARTICLENO,PARENTNO,TITLE,CONTENT,IMAGEFILENAME,WRITEDATE,ID) values (2,0,'안녕하세여','상품 후기 입니다.',null,to_date('22/04/21','RR/MM/DD'),'hong');
Insert into SCOTT.T_BOARD (ARTICLENO,PARENTNO,TITLE,CONTENT,IMAGEFILENAME,WRITEDATE,ID) values (3,2,'답변입니다.','상품 후기에 대한 답변입니다.',null,to_date('22/04/21','RR/MM/DD'),'hong');
Insert into SCOTT.T_BOARD (ARTICLENO,PARENTNO,TITLE,CONTENT,IMAGEFILENAME,WRITEDATE,ID) values (5,3,'답변입니다.','상품 좋습니다.',null,to_date('22/04/21','RR/MM/DD'),'lee');
Insert into SCOTT.T_BOARD (ARTICLENO,PARENTNO,TITLE,CONTENT,IMAGEFILENAME,WRITEDATE,ID) values (4,0,'김유신입니다.','김유신 테스트글입니다.',null,to_date('22/04/21','RR/MM/DD'),'kim');
Insert into SCOTT.T_BOARD (ARTICLENO,PARENTNO,TITLE,CONTENT,IMAGEFILENAME,WRITEDATE,ID) values (6,2,'상품 후기입니다..','이순신씨의 상품 사용 후기를 올립니다',null,to_date('22/04/21','RR/MM/DD'),'lee');
Insert into SCOTT.T_BOARD (ARTICLENO,PARENTNO,TITLE,CONTENT,IMAGEFILENAME,WRITEDATE,ID) values (7,0,'ㄴㄴ','ㄴㄴ','20200930_185952.jpg',to_date('22/04/26','RR/MM/DD'),'hong');
Insert into SCOTT.T_BOARD (ARTICLENO,PARENTNO,TITLE,CONTENT,IMAGEFILENAME,WRITEDATE,ID) values (8,0,'상품후기 입니다','참 좋아여','uke.PNG',to_date('22/05/07','RR/MM/DD'),'hong');
Insert into SCOTT.T_BOARD (ARTICLENO,PARENTNO,TITLE,CONTENT,IMAGEFILENAME,WRITEDATE,ID) values (9,0,'테스트','테스트테스트','duke.PNG',to_date('22/05/07','RR/MM/DD'),'hong');
Insert into SCOTT.T_BOARD (ARTICLENO,PARENTNO,TITLE,CONTENT,IMAGEFILENAME,WRITEDATE,ID) values (10,0,'테스트','테스트테스트','dd.PNG',to_date('22/05/07','RR/MM/DD'),'hong');
Insert into SCOTT.T_BOARD (ARTICLENO,PARENTNO,TITLE,CONTENT,IMAGEFILENAME,WRITEDATE,ID) values (11,10,'d',' ddd','dd.PNG',to_date('22/05/08','RR/MM/DD'),'lee');
REM INSERTING into SCOTT.T_MEMBER
SET DEFINE OFF;
Insert into SCOTT.T_MEMBER (ID,PWD,NAME,EMAIL,JOINDATE) values ('hong','1212','홍길동','hong@gamil.com',to_date('22/03/26','RR/MM/DD'));
Insert into SCOTT.T_MEMBER (ID,PWD,NAME,EMAIL,JOINDATE) values ('kim','1212','김유신','kim@jweb.com',to_date('22/03/26','RR/MM/DD'));
Insert into SCOTT.T_MEMBER (ID,PWD,NAME,EMAIL,JOINDATE) values ('lee','1212','이순신','lee@test.com',to_date('22/03/26','RR/MM/DD'));
Insert into SCOTT.T_MEMBER (ID,PWD,NAME,EMAIL,JOINDATE) values ('sdf','sdf','sdf','sdf',to_date('22/04/15','RR/MM/DD'));
Insert into SCOTT.T_MEMBER (ID,PWD,NAME,EMAIL,JOINDATE) values ('park','qkrcksgh','asd','sad',to_date('22/03/26','RR/MM/DD'));
Insert into SCOTT.T_MEMBER (ID,PWD,NAME,EMAIL,JOINDATE) values ('xcsdf','sdfsd','fsdf','sdf',to_date('22/03/26','RR/MM/DD'));
Insert into SCOTT.T_MEMBER (ID,PWD,NAME,EMAIL,JOINDATE) values ('ss','ss','ss','ss',to_date('22/05/22','RR/MM/DD'));
Insert into SCOTT.T_MEMBER (ID,PWD,NAME,EMAIL,JOINDATE) values ('m1','1234','박길동','m1@test.com',to_date('22/05/22','RR/MM/DD'));
Insert into SCOTT.T_MEMBER (ID,PWD,NAME,EMAIL,JOINDATE) values ('m2','1234','이길동','m2@test.com',to_date('22/05/22','RR/MM/DD'));
Insert into SCOTT.T_MEMBER (ID,PWD,NAME,EMAIL,JOINDATE) values ('m3','1234','김길동','m3@test.com',to_date('22/05/22','RR/MM/DD'));
--------------------------------------------------------
--  DDL for Index SYS_C006999
--------------------------------------------------------

  CREATE UNIQUE INDEX "SCOTT"."SYS_C006999" ON "SCOTT"."T_MEMBER" ("ID") 
  PCTFREE 10 INITRANS 2 MAXTRANS 255 COMPUTE STATISTICS 
  STORAGE(INITIAL 65536 NEXT 1048576 MINEXTENTS 1 MAXEXTENTS 2147483645
  PCTINCREASE 0 FREELISTS 1 FREELIST GROUPS 1 BUFFER_POOL DEFAULT FLASH_CACHE DEFAULT CELL_FLASH_CACHE DEFAULT)
  TABLESPACE "SYSTEM" ;
--------------------------------------------------------
--  DDL for Index SYS_C007050
--------------------------------------------------------

  CREATE UNIQUE INDEX "SCOTT"."SYS_C007050" ON "SCOTT"."T_BOARD" ("ARTICLENO") 
  PCTFREE 10 INITRANS 2 MAXTRANS 255 COMPUTE STATISTICS 
  STORAGE(INITIAL 65536 NEXT 1048576 MINEXTENTS 1 MAXEXTENTS 2147483645
  PCTINCREASE 0 FREELISTS 1 FREELIST GROUPS 1 BUFFER_POOL DEFAULT FLASH_CACHE DEFAULT CELL_FLASH_CACHE DEFAULT)
  TABLESPACE "SYSTEM" ;
--------------------------------------------------------
--  DDL for Index SYS_C007088
--------------------------------------------------------

  CREATE UNIQUE INDEX "SCOTT"."SYS_C007088" ON "SCOTT"."CUST_ACCOUNT" ("ACCOUNTNO") 
  PCTFREE 10 INITRANS 2 MAXTRANS 255 COMPUTE STATISTICS 
  STORAGE(INITIAL 65536 NEXT 1048576 MINEXTENTS 1 MAXEXTENTS 2147483645
  PCTINCREASE 0 FREELISTS 1 FREELIST GROUPS 1 BUFFER_POOL DEFAULT FLASH_CACHE DEFAULT CELL_FLASH_CACHE DEFAULT)
  TABLESPACE "SYSTEM" ;
--------------------------------------------------------
--  DDL for Index SYS_C007088
--------------------------------------------------------

  CREATE UNIQUE INDEX "SCOTT"."SYS_C007088" ON "SCOTT"."CUST_ACCOUNT" ("ACCOUNTNO") 
  PCTFREE 10 INITRANS 2 MAXTRANS 255 COMPUTE STATISTICS 
  STORAGE(INITIAL 65536 NEXT 1048576 MINEXTENTS 1 MAXEXTENTS 2147483645
  PCTINCREASE 0 FREELISTS 1 FREELIST GROUPS 1 BUFFER_POOL DEFAULT FLASH_CACHE DEFAULT CELL_FLASH_CACHE DEFAULT)
  TABLESPACE "SYSTEM" ;
--------------------------------------------------------
--  DDL for Index SYS_C007050
--------------------------------------------------------

  CREATE UNIQUE INDEX "SCOTT"."SYS_C007050" ON "SCOTT"."T_BOARD" ("ARTICLENO") 
  PCTFREE 10 INITRANS 2 MAXTRANS 255 COMPUTE STATISTICS 
  STORAGE(INITIAL 65536 NEXT 1048576 MINEXTENTS 1 MAXEXTENTS 2147483645
  PCTINCREASE 0 FREELISTS 1 FREELIST GROUPS 1 BUFFER_POOL DEFAULT FLASH_CACHE DEFAULT CELL_FLASH_CACHE DEFAULT)
  TABLESPACE "SYSTEM" ;
--------------------------------------------------------
--  DDL for Index SYS_C006999
--------------------------------------------------------

  CREATE UNIQUE INDEX "SCOTT"."SYS_C006999" ON "SCOTT"."T_MEMBER" ("ID") 
  PCTFREE 10 INITRANS 2 MAXTRANS 255 COMPUTE STATISTICS 
  STORAGE(INITIAL 65536 NEXT 1048576 MINEXTENTS 1 MAXEXTENTS 2147483645
  PCTINCREASE 0 FREELISTS 1 FREELIST GROUPS 1 BUFFER_POOL DEFAULT FLASH_CACHE DEFAULT CELL_FLASH_CACHE DEFAULT)
  TABLESPACE "SYSTEM" ;
--------------------------------------------------------
--  Constraints for Table CUST_ACCOUNT
--------------------------------------------------------

  ALTER TABLE "SCOTT"."CUST_ACCOUNT" ADD PRIMARY KEY ("ACCOUNTNO")
  USING INDEX PCTFREE 10 INITRANS 2 MAXTRANS 255 COMPUTE STATISTICS 
  STORAGE(INITIAL 65536 NEXT 1048576 MINEXTENTS 1 MAXEXTENTS 2147483645
  PCTINCREASE 0 FREELISTS 1 FREELIST GROUPS 1 BUFFER_POOL DEFAULT FLASH_CACHE DEFAULT CELL_FLASH_CACHE DEFAULT)
  TABLESPACE "SYSTEM"  ENABLE;
--------------------------------------------------------
--  Constraints for Table T_BOARD
--------------------------------------------------------

  ALTER TABLE "SCOTT"."T_BOARD" ADD PRIMARY KEY ("ARTICLENO")
  USING INDEX PCTFREE 10 INITRANS 2 MAXTRANS 255 COMPUTE STATISTICS 
  STORAGE(INITIAL 65536 NEXT 1048576 MINEXTENTS 1 MAXEXTENTS 2147483645
  PCTINCREASE 0 FREELISTS 1 FREELIST GROUPS 1 BUFFER_POOL DEFAULT FLASH_CACHE DEFAULT CELL_FLASH_CACHE DEFAULT)
  TABLESPACE "SYSTEM"  ENABLE;
  ALTER TABLE "SCOTT"."T_BOARD" MODIFY ("WRITEDATE" NOT NULL ENABLE);
  ALTER TABLE "SCOTT"."T_BOARD" MODIFY ("TITLE" NOT NULL ENABLE);
--------------------------------------------------------
--  Constraints for Table T_MEMBER
--------------------------------------------------------

  ALTER TABLE "SCOTT"."T_MEMBER" ADD PRIMARY KEY ("ID")
  USING INDEX PCTFREE 10 INITRANS 2 MAXTRANS 255 COMPUTE STATISTICS 
  STORAGE(INITIAL 65536 NEXT 1048576 MINEXTENTS 1 MAXEXTENTS 2147483645
  PCTINCREASE 0 FREELISTS 1 FREELIST GROUPS 1 BUFFER_POOL DEFAULT FLASH_CACHE DEFAULT CELL_FLASH_CACHE DEFAULT)
  TABLESPACE "SYSTEM"  ENABLE;
--------------------------------------------------------
--  Ref Constraints for Table T_BOARD
--------------------------------------------------------

  ALTER TABLE "SCOTT"."T_BOARD" ADD CONSTRAINT "FK_ID" FOREIGN KEY ("ID")
	  REFERENCES "SCOTT"."T_MEMBER" ("ID") ENABLE;
